[
  {
    "id": "/subscriptions/b0733c33-bb19-4ac9-add7-52e8321b0500/resourceGroups/az3000301-LabRG/providers/Microsoft.Resources/deployments/Microsoft.Connection-20191020130557/operations/70FCED3AE728105D",
    "operationId": "70FCED3AE728105D",
    "properties": {
      "provisioningOperation": "Create",
      "provisioningState": "Succeeded",
      "timestamp": "2019-10-20T07:36:49.831338Z",
      "duration": "PT40.5331961S",
      "trackingId": "e42c3113-8083-4c3a-89a7-fabaf264ee3e",
      "statusCode": "OK",
      "targetResource": {
        "id": "/subscriptions/b0733c33-bb19-4ac9-add7-52e8321b0500/resourceGroups/az3000301-LabRG/providers/Microsoft.Network/connections/srktestvpngw-to-az300labgw",
        "resourceType": "Microsoft.Network/connections",
        "resourceName": "srktestvpngw-to-az300labgw"
      }
    }
  },
  {
    "id": "/subscriptions/b0733c33-bb19-4ac9-add7-52e8321b0500/resourceGroups/az3000301-LabRG/providers/Microsoft.Resources/deployments/Microsoft.Connection-20191020130557/operations/E45C7596E8D41726",
    "operationId": "E45C7596E8D41726",
    "properties": {
      "provisioningOperation": "Create",
      "provisioningState": "Succeeded",
      "timestamp": "2019-10-20T07:36:43.1667187Z",
      "duration": "PT33.8685768S",
      "trackingId": "823db04e-dd7a-4b27-a274-0ca36fd44ab1",
      "statusCode": "OK",
      "targetResource": {
        "id": "/subscriptions/b0733c33-bb19-4ac9-add7-52e8321b0500/resourceGroups/az3000301-LabRG/providers/Microsoft.Network/connections/az300labgw-to-srktestvpngw",
        "resourceType": "Microsoft.Network/connections",
        "resourceName": "az300labgw-to-srktestvpngw"
      }
    }
  },
  {
    "id": "/subscriptions/b0733c33-bb19-4ac9-add7-52e8321b0500/resourceGroups/az3000301-LabRG/providers/Microsoft.Resources/deployments/Microsoft.Connection-20191020130557/operations/08586300499228397693",
    "operationId": "08586300499228397693",
    "properties": {
      "provisioningOperation": "EvaluateDeploymentOutput",
      "provisioningState": "Succeeded",
      "timestamp": "2019-10-20T07:36:50.0143051Z",
      "duration": "PT0.1127637S",
      "trackingId": "b382a7df-3b62-48a5-a1ba-0e42378394dc",
      "statusCode": "OK",
      "statusMessage": null
    }
  }
]