{
  "id": "/subscriptions/b0733c33-bb19-4ac9-add7-52e8321b0500/resourceGroups/az3000301-LabRG/providers/Microsoft.Resources/deployments/Microsoft.Connection-20191020130557",
  "name": "Microsoft.Connection-20191020130557",
  "type": "Microsoft.Resources/deployments",
  "tags": {
    "marketplaceItemId": "Microsoft.Connection",
    "primaryResourceId": "/subscriptions/b0733c33-bb19-4ac9-add7-52e8321b0500/resourcegroups/az3000301-LabRG/providers/Microsoft.Network/connections/az300labgw-to-srktestvpngw"
  },
  "properties": {
    "templateHash": "10485832849581521548",
    "parameters": {
      "connectionName": {
        "type": "String",
        "value": "az300labgw-to-srktestvpngw"
      },
      "location": {
        "type": "String",
        "value": "eastus"
      },
      "connectionType": {
        "type": "String",
        "value": "Vnet2Vnet"
      },
      "virtualNetworkGatewayId1": {
        "type": "String",
        "value": "/subscriptions/b0733c33-bb19-4ac9-add7-52e8321b0500/resourceGroups/az3000301-LabRG/providers/Microsoft.Network/virtualNetworkGateways/az300labgw"
      },
      "enableBgp": {
        "type": "Bool",
        "value": false
      },
      "sharedKey": {
        "type": "String",
        "value": "Srk123456789"
      },
      "virtualNetworkGatewayId2": {
        "type": "String",
        "value": "/subscriptions/b0733c33-bb19-4ac9-add7-52e8321b0500/resourceGroups/srkgroup/providers/Microsoft.Network/virtualNetworkGateways/srktestvpngw"
      },
      "connectionReverseName": {
        "type": "String",
        "value": "srktestvpngw-to-az300labgw"
      },
      "connectionReverseLocation": {
        "type": "String",
        "value": "eastus"
      }
    },
    "mode": "Incremental",
    "debugSetting": {
      "detailLevel": "None"
    },
    "provisioningState": "Succeeded",
    "timestamp": "2019-10-20T07:36:50.0504476Z",
    "duration": "PT47.4125771S",
    "correlationId": "0a00af2e-815d-484f-ac27-8d06ae411c14",
    "providers": [
      {
        "namespace": "Microsoft.Network",
        "resourceTypes": [
          {
            "resourceType": "connections",
            "locations": [
              "eastus"
            ]
          }
        ]
      }
    ],
    "dependencies": [],
    "outputResources": [
      {
        "id": "/subscriptions/b0733c33-bb19-4ac9-add7-52e8321b0500/resourceGroups/az3000301-LabRG/providers/Microsoft.Network/connections/az300labgw-to-srktestvpngw"
      },
      {
        "id": "/subscriptions/b0733c33-bb19-4ac9-add7-52e8321b0500/resourceGroups/az3000301-LabRG/providers/Microsoft.Network/connections/srktestvpngw-to-az300labgw"
      }
    ],
    "validationLevel": "Template"
  }
}